{
    "0":{
            "0":"current_price",
            "1":"DataDate",
            "2":"rolling_value",
            "3":"Expiration",
            "4":null,
            "5":null,
            "6":null,
            "7":null
        },
    "1":{
            "0":63.83,
            "1":1637625600000,
            "2":[24,59,115,206],
            "3":[1639699200000,1642723200000,1647561600000,1655424000000],
            "4":null,
            "5":null,
            "6":null,
            "7":null
        },
    "Bid_call_24":{"0":17.8,"1":12.6,"2":8.8,"3":4.4,"4":2.5,"5":1.05,"6":0.4,"7":0.1},
    "Ask_call_24":{"0":19.8,"1":15.5,"2":10.0,"3":6.7,"4":2.95,"5":1.25,"6":0.5,"7":0.25},
    "Mid_call_24":{"0":18.8,"1":14.05,"2":9.4,"3":5.55,"4":2.725,"5":1.15,"6":0.45,"7":0.175},
    "Time_value_call_24":{"0":0.97,"1":0.22,"2":0.57,"3":1.72,"4":2.725,"5":1.15,"6":0.45,"7":0.175},
    "Strike_24":{"0":45.0,"1":50.0,"2":55.0,"3":60.0,"4":65.0,"5":70.0,"6":75.0,"7":80.0},
    "Bid_put_24":{"0":0.1,"1":0.3,"2":0.45,"3":1.45,"4":3.6,"5":7.1,"6":11.1,"7":16.1},
    "Ask_put_24":{"0":0.3,"1":0.35,"2":2.15,"3":1.9,"4":4.1,"5":8.6,"6":13.2,"7":17.2},
    "Mid_put_24":{"0":0.2,"1":0.325,"2":1.3,"3":1.675,"4":3.85,"5":7.85,"6":12.15,"7":16.65},
    "Time_value_put_24":{"0":0.2,"1":0.325,"2":1.3,"3":1.675,"4":2.68,"5":1.68,"6":0.98,"7":0.48},
    "space_1":{"0":"","1":"","2":"","3":"","4":"","5":"","6":"","7":""},
    "%_change_call_24":{"0":29.5002349992,"1":21.6669277769,"2":13.8336205546,"3":6.0003133323,"4":1.83299389,"5":9.6663011123,"6":17.4996083346,"7":25.3329155569},
    "Prob_Strike_call_24":{"0":29.2576419214,"1":62.0087336245,"2":93.4497816594,"3":100.0,"4":100.0,"5":100.0,"6":82.5327510917,"7":45.8515283843},
    "HVTF_call_24":{"0":26.3073144105,"1":26.3073144105,"2":26.3073144105,"3":26.3073144105,"4":26.3073144105,"5":26.3073144105,"6":26.3073144105,"7":26.3073144105},
    "Invex_ratio_call_24":{"0":5.0648774988,"1":47.3294590696,"2":27.5299102174,"3":9.7627667373,"4":6.1621867113,"5":14.6017032941,"6":30.7974790002,"7":43.9963985717},
    "space_2":{"0":"","1":"","2":"","3":"","4":"","5":"","6":"","7":""},
    "Prob_Strike_put_24":{"0":29.2576419214,"1":62.0087336245,"2":93.4497816594,"3":100.0,"4":100.0,"5":100.0,"6":82.5327510917,"7":45.8515283843},
    "HVTF_put_24":{"0":26.3073144105,"1":26.3073144105,"2":26.3073144105,"3":26.3073144105,"4":26.3073144105,"5":26.3073144105,"6":26.3073144105,"7":26.3073144105},
    "Invex_ratio_put_24":{"0":24.5646558692,"1":32.0384030625,"2":12.0708067876,"3":10.0250500228,"4":6.2656562643,"5":9.9952135644,"6":14.1416995409,"7":16.0403536459},
    "space_3":{"0":"","1":"","2":"","3":"","4":"","5":"","6":"","7":""},
    "Bid_call_59":{"0":18.5,"1":13.1,"2":9.1,"3":6.3,"4":4.1,"5":2.2,"6":0.4,"7":0.2},
    "Ask_call_59":{"0":20.9,"1":15.0,"2":11.1,"3":8.0,"4":5.4,"5":2.85,"6":3.0,"7":1.35},
    "Mid_call_59":{"0":19.7,"1":14.05,"2":10.1,"3":7.15,"4":4.75,"5":2.525,"6":1.7,"7":0.775},
    "Time_value_call_59":{"0":0.87,"1":0.22,"2":1.27,"3":3.32,"4":4.75,"5":2.525,"6":1.7,"7":0.775},
    "Strike_59":{"0":45.0,"1":50.0,"2":55.0,"3":60.0,"4":65.0,"5":70.0,"6":75.0,"7":80.0},
    "Bid_put_59":{"0":0.3,"1":0.15,"2":1.3,"3":2.95,"4":5.2,"5":8.4,"6":12.4,"7":16.5},
    "Ask_put_59":{"0":0.5,"1":0.85,"2":3.1,"3":3.2,"4":6.6,"5":9.9,"6":13.3,"7":17.4},
    "Mid_put_59":{"0":0.4,"1":0.5,"2":2.2,"3":3.075,"4":5.9,"5":9.15,"6":12.85,"7":16.95},
    "Time_value_put_59":{"0":0.4,"1":0.5,"2":2.2,"3":3.075,"4":4.73,"5":2.98,"6":1.68,"7":0.78},
    "space_4":{"0":"","1":"","2":"","3":"","4":"","5":"","6":"","7":""},
    "%_change_call_59":{"0":29.5002349992,"1":21.6669277769,"2":13.8336205546,"3":6.0003133323,"4":1.83299389,"5":9.6663011123,"6":17.4996083346,"7":25.3329155569},
    "Prob_Strike_call_59":{"0":81.9587628866,"1":99.4845360825,"2":100.0,"3":100.0,"4":100.0,"5":100.0,"6":100.0,"7":96.3917525773},
    "HVTF_call_59":{"0":44.2580541237,"1":44.2580541237,"2":44.2580541237,"3":44.2580541237,"4":44.2580541237,"5":44.2580541237,"6":44.2580541237,"7":44.2580541237},
    "Invex_ratio_call_59":{"0":26.6129673871,"1":127.7468082897,"2":22.2440283049,"3":8.5090108275,"4":5.9473507257,"5":11.1880855236,"6":16.617597616,"7":35.1362439782},
    "space_5":{"0":"","1":"","2":"","3":"","4":"","5":"","6":"","7":""},
    "Prob_Strike_put_59":{"0":81.9587628866,"1":99.4845360825,"2":100.0,"3":100.0,"4":100.0,"5":100.0,"6":100.0,"7":96.3917525773},
    "HVTF_put_59":{"0":44.2580541237,"1":44.2580541237,"2":44.2580541237,"3":44.2580541237,"4":44.2580541237,"5":44.2580541237,"6":44.2580541237,"7":44.2580541237},
    "Invex_ratio_put_59":{"0":57.883204067,"1":56.2085956475,"2":12.8408708851,"3":9.1869645357,"4":5.9724980861,"5":9.4798375662,"6":16.815426159,"7":34.911011645},
    "space_6":{"0":"","1":"","2":"","3":"","4":"","5":"","6":"","7":""},
    "Bid_call_115":{"0":19.5,"1":15.5,"2":11.6,"3":8.3,"4":6.2,"5":4.3,"6":2.0,"7":1.05},
    "Ask_call_115":{"0":21.7,"1":16.1,"2":12.3,"3":9.8,"4":7.0,"5":5.7,"6":4.5,"7":2.8},
    "Mid_call_115":{"0":20.6,"1":15.8,"2":11.95,"3":9.05,"4":6.6,"5":5.0,"6":3.25,"7":1.925},
    "Time_value_call_115":{"0":1.77,"1":1.97,"2":3.12,"3":5.22,"4":6.6,"5":5.0,"6":3.25,"7":1.925},
    "Strike_115":{"0":45.0,"1":50.0,"2":55.0,"3":60.0,"4":65.0,"5":70.0,"6":75.0,"7":80.0},
    "Bid_put_115":{"0":0.75,"1":1.5,"2":2.15,"3":4.7,"4":7.3,"5":9.7,"6":14.0,"7":17.8},
    "Ask_put_115":{"0":2.9,"1":3.1,"2":5.0,"3":6.0,"4":8.6,"5":11.4,"6":15.1,"7":19.0},
    "Mid_put_115":{"0":1.825,"1":2.3,"2":3.575,"3":5.35,"4":7.95,"5":10.55,"6":14.55,"7":18.4},
    "Time_value_put_115":{"0":1.825,"1":2.3,"2":3.575,"3":5.35,"4":6.78,"5":4.38,"6":3.38,"7":2.23},
    "space_7":{"0":"","1":"","2":"","3":"","4":"","5":"","6":"","7":""},
    "%_change_call_115":{"0":29.5002349992,"1":21.6669277769,"2":13.8336205546,"3":6.0003133323,"4":1.83299389,"5":9.6663011123,"6":17.4996083346,"7":25.3329155569},
    "Prob_Strike_call_115":{"0":100.0,"1":100.0,"2":100.0,"3":100.0,"4":100.0,"5":100.0,"6":100.0,"7":100.0},
    "HVTF_call_115":{"0":57.0117753623,"1":57.0117753623,"2":57.0117753623,"3":57.0117753623,"4":57.0117753623,"5":57.0117753623,"6":57.0117753623,"7":57.0117753623},
    "Invex_ratio_call_115":{"0":20.5596701773,"1":18.4723940171,"2":11.6636590429,"3":6.9713824164,"4":5.5137297294,"5":7.2781232428,"6":11.1971126812,"7":18.9042162149},
    "space_8":{"0":"","1":"","2":"","3":"","4":"","5":"","6":"","7":""},
    "Prob_Strike_put_115":{"0":100.0,"1":100.0,"2":100.0,"3":100.0,"4":100.0,"5":100.0,"6":100.0,"7":100.0},
    "HVTF_put_115":{"0":57.0117753623,"1":57.0117753623,"2":57.0117753623,"3":57.0117753623,"4":57.0117753623,"5":57.0117753623,"6":57.0117753623,"7":57.0117753623},
    "Invex_ratio_put_115":{"0":19.9400636788,"1":15.8220070495,"2":10.1791933465,"3":6.801984339,"4":5.3673475242,"5":8.3083598662,"6":10.7664545011,"7":16.3186619793},
    "space_9":{"0":"","1":"","2":"","3":"","4":"","5":"","6":"","7":""},
    "Bid_call_206":{"0":20.6,"1":16.6,"2":13.1,"3":9.2,"4":8.0,"5":5.5,"6":4.0,"7":2.4},
    "Ask_call_206":{"0":22.4,"1":17.8,"2":15.5,"3":11.5,"4":8.8,"5":7.6,"6":5.6,"7":4.6},
    "Mid_call_206":{"0":21.5,"1":17.2,"2":14.3,"3":10.35,"4":8.4,"5":6.55,"6":4.8,"7":3.5},
    "Time_value_call_206":{"0":2.67,"1":3.37,"2":5.47,"3":6.52,"4":8.4,"5":6.55,"6":4.8,"7":3.5},
    "Strike_206":{"0":45.0,"1":50.0,"2":55.0,"3":60.0,"4":65.0,"5":70.0,"6":75.0,"7":80.0},
    "Bid_put_206":{"0":1.3,"1":2.2,"2":3.4,"3":6.2,"4":8.5,"5":12.2,"6":15.8,"7":19.6},
    "Ask_put_206":{"0":2.9,"1":4.5,"2":5.6,"3":8.0,"4":9.9,"5":13.0,"6":16.4,"7":20.2},
    "Mid_put_206":{"0":2.1,"1":3.35,"2":4.5,"3":7.1,"4":9.2,"5":12.6,"6":16.1,"7":19.9},
    "Time_value_put_206":{"0":2.1,"1":3.35,"2":4.5,"3":7.1,"4":8.03,"5":6.43,"6":4.93,"7":3.73},
    "space_10":{"0":"","1":"","2":"","3":"","4":"","5":"","6":"","7":""},
    "%_change_call_206":{"0":29.5002349992,"1":21.6669277769,"2":13.8336205546,"3":6.0003133323,"4":1.83299389,"5":9.6663011123,"6":17.4996083346,